UserID,Password
ouFQsJzB,08ec58zht7py
FA9geKix,F6NKXInkedKm
G3opr48z,DvNH2fR3zrLV
gxRpwaIr,IO4qiWp8HdWm
BNqaYvDC,8JLTKwsjcrIr
gEPza9qk,yTWMXMWalFWb
3rMTp26r,s1jI2qEYHUz9
BUB5j8b6,YG804HaVxSk5
fao841Xz,NJwL3gQsHgxb
J32qgkcN,mrrt17UVTgKY
tHTjaRxB,sCv2Ji0ycS5X
PyNiiX7H,DnN97zNgQb4p
DEDrWvPK,8URqY2TRlwEs
rJNj4k2f,PtWiMS31jUGv
XpUcDHnm,C8bXpoUnlwb7
fOGJVEVw,CRSHEWXLikZD
bV7yfsTo,lJJuHBERheHo
cZGh90at,dwPVPFRfqe69
VuSURjpR,5nBdvino02x8
9fjC3QT5,bxwF98rI7ToE
VLvb8pBC,0kh3lcZeYQII
eOexdeIs,lJmaUiTFVqh6
f1zYOc8r,ES1UMeoXXQVX
IFp2EA4Y,j81pl4vqx7BY
XGkkv2Nm,bDEHxHpePxCq
O7bbiFiY,kBtVH9txxUda
pG2SOGyK,stLWFzih0BGT
kbiUX7X7,K982Z7mtvVcM
UIlgvkld,8QYjlJ4GZHBR
DDzX03ke,2dOGomQnLDqg
1gTgnQ2G,j3kIIDQJKpuz
LnuqWGeu,nktWQR9eJzD1
u7TNXOw9,9ZI2fEjRa0CZ
eWj3phC0,5X4sENMWh9PU
iDGPW1hA,SpCx1Ylr7YQO
53sUfCBW,LG9R0Ccy9wK7
aAgINH13,hd8dtdVYkSVo
qWi7LK68,2cyW1RTd620e
5IJ4rFfh,zydbnaxgUTnf
6wltlXS0,nV4gLGpF9uFy
cq255qoo,hhMSliDcDEHz
SDOz9CUs,ECikxE9kkYlj
ynn91J89,DWFypOOItQEf
BTTCtWGD,wlm3B9FTfqIR
opp1VGV7,nAmyq1jlUnSd
xKvo64eV,JtPyA6aj4ZbL
NePZGjrx,CKPaygkDlUsh
aQEs7lxV,3u5fIIV3cYcC
LbSp7GIt,2hdKI3F61kzl
SALEtlVE,IsS86xjXRhct
yb7ZKwu4,TfksTezAgkog
hFTaIKhd,WsNxlrIu2Icd
tWB25SmW,wPgCRCM1cDFk
rdK1KAW7,cguWUncXtohT
twBYNbz4,rGWg0Sq6kjuw
oN6Ac069,lroR2kZSpHnx
7vALjBGr,quCnGllCclsJ
yF0A6avo,FxytLfWX2U7p
H8erNMqV,Q1Qj0Ui3d01F
sJW3Sdnz,mPwzPN7bntvF
6PiQKWaL,s0S91lVHzsBJ
SYa9Rqwx,Q9jevoem49fm
jTqw0iB1,QYeN6Dst3r2G
MsOWd7JG,3Y829e8Q5F77
wtrXfleL,ACLn7VboPwV6
0lfxYtVb,hKkkZHlTvKkZ
vZizDSjB,2TnI45ALzegx
BXABAqTq,zQkvwP51e3l3
vk3BpNrT,hhGfgE77Pn2H
8i6pCKsQ,rLeiPqtC8UrV
CtXg5Fib,M3k7nE31erSx
J5TS2a30,jCtHLZxwgqMT
Cta4DByD,9dEcraZoeMx3
STpoFxc1,NTKRwTQMFwJF
ti07KY3b,Svw6m4aFYeY7
Nxj3FKOZ,wLefdLSs7Bqe
24AusOFv,HycDh3tNuRds
eROOoxhT,JiiLHLdZGB4g
UAG4Q6tg,08l8EfnGhFtK
h2pa7aQ9,8hQhqCKCNC7e
jM0dk0WV,GcGGKtdKqvrV
8IggPBJY,puoLRa6IS16Q
n6TFwOwg,dGVUAQAyGad7
nDiZs143,8Ns0VYs9bvqO
XVGBtK5r,VzXITYZdCK6X
zlu8wx8N,WSS1SvL1v5IS
1CmAw4WK,ab4r6pcgEoA7
wTi4IPmg,4pcngvTiiCo0
PTTUZz1Z,wfJR4PXP3SVy
3MwaIJy1,FZWJ3jU7X1vT
VXYVbNid,lCudxs5X9u9a
nUtoh22q,nMjIJt09fBne
218LLdBG,pPd4H512HBHj
ZytF09zD,KBGZDM4NDWZN
iOqVNDhy,5HdBDdH0oVLZ
ms90tIxp,Jqewp6wVjiGI
4LeT8F4b,Kr0DIcrBzml2
Ioukik7I,LLvKbPHVFueo
gFSviudg,pnGnwXzAfhLL
OXjJExtH,XSqF1Ufxf03N
